CHEMICAL_NAME,Super_pathway
S-1-pyrroline-5-carboxylate,Amino Acid
1-methylnicotinamide,Cofactors and Vitamins
"12,13-DiHOME",Lipid
alpha-ketoglutarate,Energy
kynurenate,Amino Acid
3-hydroxyisobutyrate,Amino Acid
3-hydroxy-3-methylglutarate,Lipid
3-phosphoglycerate,Carbohydrate
cholate,Lipid
"5,6-dihydrothymine",Nucleotide
hypoxanthine,Nucleotide
"9,10-DiHOME",Lipid
linoleate (18:2n6),Lipid
laurate (12:0),Lipid
quinolinate,Cofactors and Vitamins
"N6,N6,N6-trimethyllysine",Amino Acid
N-acetylputrescine,Amino Acid
N-formylmethionine,Amino Acid
adenosine 5'-monophosphate (AMP),Nucleotide
5-methylthioadenosine (MTA),Amino Acid
arachidonate (20:4n6),Lipid
arginine,Amino Acid
aspartate,Amino Acid
3-(4-hydroxyphenyl)lactate,Amino Acid
phenylpyruvate,Amino Acid
beta-alanine,Nucleotide
biliverdin,Cofactors and Vitamins
succinate,Energy
3-hydroxybutyrate (BHBA),Lipid
cholesterol,Lipid
choline phosphate,Lipid
cortisone,Lipid
creatinine,Amino Acid
cysteinylglycine,Amino Acid
cystine,Amino Acid
sphingosine,Lipid
sphinganine,Lipid
fumarate,Energy
gamma-glutamylglutamate,Peptide
gluconate,Xenobiotics
glutarate (C5-DC),Lipid
glycine,Amino Acid
glycocholate,Lipid
guanidinoacetate,Amino Acid
histidine,Amino Acid
cortisol,Lipid
hypotaurine,Amino Acid
inosine,Nucleotide
myo-inositol,Lipid
isoleucine,Amino Acid
citrulline,Amino Acid
leucine,Amino Acid
lysine,Amino Acid
malate,Energy
methionine,Amino Acid
palmitate (16:0),Lipid
nicotinamide,Cofactors and Vitamins
stearate (18:0),Lipid
ornithine,Amino Acid
orotate,Nucleotide
palmitoleate (16:1n7),Lipid
phenylalanine,Amino Acid
phosphate,Energy
phytanate,Xenobiotics
pristanate,Lipid
proline,Amino Acid
lactate,Carbohydrate
retinol (vitamin A),Cofactors and Vitamins
salicylate,Xenobiotics
serine,Amino Acid
taurine,Amino Acid
myristate (14:0),Lipid
urea,Amino Acid
uridine,Nucleotide
2'-deoxyuridine,Nucleotide
trans-urocanate,Amino Acid
glutamate,Amino Acid
glutamine,Amino Acid
threonine,Amino Acid
tryptophan,Amino Acid
valine,Amino Acid
glucose,Carbohydrate
alpha-ketobutyrate,Amino Acid
betaine,Amino Acid
cysteine,Amino Acid
mannose,Carbohydrate
dimethylglycine,Amino Acid
alanine,Amino Acid
tyrosine,Amino Acid
pseudouridine,Nucleotide
pyruvate,Carbohydrate
uracil,Nucleotide
xylose,Carbohydrate
arabinose,Carbohydrate
fructose,Carbohydrate
caprate (10:0),Lipid
margarate (17:0),Lipid
nonadecanoate (19:0),Lipid
arachidate (20:0),Lipid
asparagine,Amino Acid
dihydroorotate,Nucleotide
heptanoate (7:0),Lipid
caproate (6:0),Lipid
caprylate (8:0),Lipid
sucrose,Carbohydrate
pentadecanoate (15:0),Lipid
trans-4-hydroxyproline,Amino Acid
allantoin,Nucleotide
xanthine,Nucleotide
5-oxoproline,Amino Acid
picolinate,Amino Acid
sarcosine,Amino Acid
pantothenate,Cofactors and Vitamins
pipecolate,Amino Acid
phosphoethanolamine,Lipid
glycerate,Carbohydrate
3-ureidopropionate,Nucleotide
N-acetylleucine,Amino Acid
N-acetylmethionine,Amino Acid
N-acetylvaline,Amino Acid
erucate (22:1n9),Lipid
"bilirubin (Z,Z)",Cofactors and Vitamins
thyroxine,Amino Acid
gamma-glutamyltyrosine,Peptide
alpha-tocopherol,Cofactors and Vitamins
N-acetylalanine,Amino Acid
vanillylmandelate (VMA),Amino Acid
4-acetamidobutanoate,Amino Acid
3-aminoisobutyrate,Nucleotide
chenodeoxycholate,Lipid
citrate,Energy
2-aminobutyrate,Amino Acid
urate,Nucleotide
ursodeoxycholate,Lipid
gamma-glutamylglutamine,Peptide
4-hydroxyphenylpyruvate,Amino Acid
butyrate/isobutyrate (4:0),Lipid
N-acetylneuraminate,Carbohydrate
creatine,Amino Acid
"cys-gly, oxidized",Amino Acid
dihomo-linoleate (20:2n6),Lipid
gamma-glutamylhistidine,Peptide
2-hydroxystearate,Lipid
N1-methyladenosine,Nucleotide
glycerol,Lipid
choline,Lipid
gamma-glutamylleucine,Peptide
3-methoxytyrosine,Amino Acid
beta-hydroxyisovalerate,Amino Acid
N-palmitoyl-sphingosine (d18:1/16:0),Lipid
1-palmitoyl-2-oleoyl-GPE (16:0/18:1),Lipid
1-palmitoyl-2-linoleoyl-GPI (16:0/18:2),Lipid
1-palmitoyl-2-linoleoyl-GPC (16:0/18:2),Lipid
stearoyl sphingomyelin (d18:1/18:0),Lipid
1-palmitoyl-2-oleoyl-GPC (16:0/18:1),Lipid
N-stearoyl-sphingosine (d18:1/18:0)*,Lipid
glycochenodeoxycholate,Lipid
taurochenodeoxycholate,Lipid
taurocholate,Lipid
2-hydroxyhippurate (salicylurate),Xenobiotics
azelate (C9-DC),Lipid
eicosapentaenoate (EPA; 20:5n3),Lipid
methylsuccinate,Amino Acid
ethylmalonate,Amino Acid
carnitine,Lipid
3-phenylpropionate (hydrocinnamate),Xenobiotics
hippurate,Xenobiotics
xanthurenate,Amino Acid
3-methyl-2-oxovalerate,Amino Acid
methionine sulfoxide,Amino Acid
3-methylhistidine,Amino Acid
5-hydroxylysine,Amino Acid
4-guanidinobutanoate,Amino Acid
glucuronate,Carbohydrate
glycerol 3-phosphate,Lipid
imidazole lactate,Amino Acid
kynurenine,Amino Acid
glycerophosphorylcholine (GPC),Lipid
N-acetylglutamate,Amino Acid
ribitol,Carbohydrate
theophylline,Xenobiotics
quinate,Xenobiotics
theobromine,Xenobiotics
gentisate,Amino Acid
indolelactate,Amino Acid
3-indoxyl sulfate,Amino Acid
gamma-glutamylphenylalanine,Peptide
4-methyl-2-oxopentanoate,Amino Acid
"1,5-anhydroglucitol (1,5-AG)",Carbohydrate
1-stearoyl-2-arachidonoyl-GPI (18:0/20:4),Lipid
sphingosine 1-phosphate,Lipid
1-stearoyl-2-oleoyl-GPS (18:0/18:1),Lipid
1-stearoyl-GPI (18:0),Lipid
"1,2-dipalmitoyl-GPC (16:0/16:0)",Lipid
docosahexaenoate (DHA; 22:6n3),Lipid
1-myristoyl-2-palmitoyl-GPC (14:0/16:0),Lipid
alpha-hydroxyisocaproate,Amino Acid
maleate,Lipid
isovalerate (i5:0),Amino Acid
2-hydroxyoctanoate,Lipid
3-hydroxyoctanoate,Lipid
phenyllactate (PLA),Amino Acid
palmitoylcarnitine (C16),Lipid
hexanoylcarnitine (C6),Lipid
dehydroepiandrosterone sulfate (DHEA-S),Lipid
acetylcarnitine (C2),Lipid
tartronate (hydroxymalonate),Xenobiotics
oxalate (ethanedioate),Cofactors and Vitamins
erythritol,Xenobiotics
iminodiacetate (IDA),Xenobiotics
3-methyl-2-oxobutyrate,Amino Acid
2-oleoylglycerol (18:1),Lipid
homoarginine,Amino Acid
homocitrulline,Amino Acid
2-linoleoylglycerol (18:2),Lipid
3-hydroxydecanoate,Lipid
N-acetylglycine,Amino Acid
ribonate,Carbohydrate
threonate,Cofactors and Vitamins
galactonate,Carbohydrate
indoleacetate,Amino Acid
1-methylhistidine,Amino Acid
butyrylcarnitine (C4),Lipid
isobutyrylcarnitine (C4),Amino Acid
androsterone sulfate,Lipid
indolepropionate,Amino Acid
N-(2-furoyl)glycine,Xenobiotics
trigonelline (N'-methylnicotinate),Cofactors and Vitamins
dodecanedioate (C12-DC),Lipid
3-hydroxylaurate,Lipid
pyridoxate,Cofactors and Vitamins
gamma-glutamylvaline,Peptide
propionylcarnitine (C3),Lipid
pro-hydroxy-pro,Amino Acid
3-hydroxy-2-ethylpropionate,Amino Acid
3-carboxy-4-methyl-5-propyl-2-furanpropanoate (CMPF),Lipid
docosapentaenoate (n3 DPA; 22:5n3),Lipid
docosadienoate (22:2n6),Lipid
adrenate (22:4n6),Lipid
10-undecenoate (11:1n1),Lipid
myristoleate (14:1n5),Lipid
1-methyl-4-imidazoleacetate,Amino Acid
sebacate (C10-DC),Lipid
stearidonate (18:4n3),Lipid
5-dodecenoate (12:1n7),Lipid
octanoylcarnitine (C8),Lipid
decanoylcarnitine (C10),Lipid
N-acetylglutamine,Amino Acid
N-acetyltryptophan,Amino Acid
N-acetylphenylalanine,Amino Acid
1-palmitoyl-GPC (16:0),Lipid
N-acetylarginine,Amino Acid
piperine,Xenobiotics
campesterol,Lipid
myristoylcarnitine (C14),Lipid
1-stearoyl-GPC (18:0),Lipid
1-oleoyl-GPC (18:1),Lipid
N-acetylthreonine,Amino Acid
N-acetylisoleucine,Amino Acid
10-nonadecenoate (19:1n9),Lipid
10-heptadecenoate (17:1n7),Lipid
hyocholate (gamma-muricholate),Lipid
epiandrosterone sulfate,Lipid
N-acetylhistidine,Amino Acid
gamma-glutamylglycine,Peptide
gamma-glutamyltryptophan,Peptide
stachydrine,Xenobiotics
alpha-hydroxyisovalerate,Amino Acid
gamma-glutamylmethionine,Peptide
gamma-glutamylthreonine,Peptide
p-cresol sulfate,Xenobiotics
erythronate*,Carbohydrate
eicosenoate (20:1),Lipid
linolenate [alpha or gamma; (18:3n3 or 6)],Lipid
aconitate [cis or trans],Energy
stearoylcarnitine (C18),Lipid
laurylcarnitine (C12),Lipid
isovalerylcarnitine (C5),Amino Acid
1-linoleoyl-GPC (18:2),Lipid
"N2,N2-dimethylguanosine",Nucleotide
N4-acetylcytidine,Nucleotide
N6-carbamoylthreonyladenosine,Nucleotide
orotidine,Nucleotide
phenylacetylglutamine,Peptide
4-hydroxyhippurate,Xenobiotics
"5,6-dihydrouridine",Nucleotide
3-(3-amino-3-carboxypropyl)uridine*,Nucleotide
cysteine-glutathione disulfide,Amino Acid
5-methyluridine (ribothymidine),Nucleotide
isovalerylglycine,Amino Acid
7-methylguanine,Nucleotide
1-stearoyl-GPE (18:0),Lipid
N1-methyl-2-pyridone-5-carboxamide,Cofactors and Vitamins
gamma-glutamylisoleucine*,Peptide
oleoylcarnitine (C18:1),Lipid
gamma-glutamyl-2-aminobutyrate,Peptide
2-methylbutyrylcarnitine (C5),Amino Acid
phenol sulfate,Amino Acid
1-palmitoleoyl-GPC (16:1)*,Lipid
2-amino-4-cyanobutanoate,PCM
2-hydroxy-3-methylvalerate,Amino Acid
1-arachidonoyl-GPC (20:4n6)*,Lipid
2-palmitoyl-GPC (16:0)*,Lipid
1-palmitoyl-GPE (16:0),Lipid
1-oleoyl-GPE (18:1),Lipid
1-linoleoyl-GPE (18:2)*,Lipid
1-arachidonoyl-GPE (20:4n6)*,Lipid
2-hydroxypalmitate,Lipid
docosapentaenoate (n6 DPA; 22:5n6),Lipid
gulonate*,Cofactors and Vitamins
isobutyrylglycine,Amino Acid
glutarylcarnitine (C5-DC),Amino Acid
tiglylcarnitine (C5:1-DC),Amino Acid
hydroquinone sulfate,Xenobiotics
catechol sulfate,Xenobiotics
cholesterol sulfate,Lipid
7alpha-hydroxy-3-oxo-4-cholestenoate (7-Hoca),Lipid
N-acetyl-aspartyl-glutamate (NAAG),Amino Acid
tetradecanedioate (C14-DC),Lipid
hexadecanedioate (C16-DC),Lipid
octadecanedioate (C18-DC),Lipid
glycerophosphoethanolamine,Lipid
1-arachidonoyl-GPI (20:4)*,Lipid
1-palmitoyl-GPI (16:0),Lipid
glycolithocholate sulfate*,Lipid
taurolithocholate 3-sulfate,Lipid
deoxycarnitine,Lipid
1-ribosyl-imidazoleacetate*,Amino Acid
"3,4-dihydroxybutyrate",Lipid
hexanoylglutamine,Lipid
N6-acetyllysine,Amino Acid
dihomo-linolenate (20:3n3 or n6),Lipid
mannitol/sorbitol,Carbohydrate
tryptophan betaine,Amino Acid
4-vinylphenol sulfate,Xenobiotics
4-ethylphenylsulfate,Xenobiotics
thymol sulfate,Xenobiotics
pyrraline,Xenobiotics
1-oleoyl-GPI (18:1),Lipid
1-linoleoyl-GPI (18:2)*,Lipid
dimethylarginine (SDMA + ADMA),Amino Acid
N-acetylserine,Amino Acid
1-stearoyl-2-oleoyl-GPE (18:0/18:1),Lipid
4-allylphenol sulfate,Xenobiotics
1-stearoyl-2-arachidonoyl-GPC (18:0/20:4),Lipid
1-palmitoyl-2-linoleoyl-GPE (16:0/18:2),Lipid
sphinganine-1-phosphate,Lipid
glycosyl-N-stearoyl-sphingosine (d18:1/18:0),Lipid
succinylcarnitine (C4-DC),Energy
"bilirubin (E,E)*",Cofactors and Vitamins
"bilirubin (E,Z or Z,E)*",Cofactors and Vitamins
N-methylproline,Amino Acid
beta-cryptoxanthin,Cofactors and Vitamins
"5alpha-pregnan-3beta,20alpha-diol disulfate",Lipid
glycocholenate sulfate*,Lipid
taurocholenate sulfate*,Lipid
"androstenediol (3beta,17beta) disulfate (1)",Lipid
pregnenediol disulfate (C21H34O8S2)*,Lipid
"androstenediol (3beta,17beta) disulfate (2)",Lipid
21-hydroxypregnenolone disulfate,Lipid
"5alpha-pregnan-3beta,20beta-diol monosulfate (1)",Lipid
"5alpha-pregnan-3beta,20alpha-diol monosulfate (2)",Lipid
"androstenediol (3alpha, 17alpha) monosulfate (3)",Lipid
pregnenediol sulfate (C21H34O5S)*,Lipid
gamma-CEHC,Cofactors and Vitamins
N-acetyl-beta-alanine,Nucleotide
"sphingomyelin (d18:1/18:1, d18:2/18:0)",Lipid
palmitoyl sphingomyelin (d18:1/16:0),Lipid
3-hydroxyhippurate,Xenobiotics
16alpha-hydroxy DHEA 3-sulfate,Lipid
pregnenolone sulfate,Lipid
andro steroid monosulfate C19H28O6S (1)*,Lipid
ergothioneine,Xenobiotics
13-HODE + 9-HODE,Lipid
tridecenedioate (C13:1-DC)*,Lipid
4-cholesten-3-one,Lipid
cinnamoylglycine,Xenobiotics
cis-4-decenoylcarnitine (C10:1),Lipid
"2S,3R-dihydroxybutyrate",Lipid
(16 or 17)-methylstearate (a19:0 or i19:0),Lipid
"2R,3R-dihydroxybutyrate",Lipid
alpha-ketoglutaramate*,Amino Acid
"2,3-dihydroxyisovalerate",Xenobiotics
3-methylglutaconate,Amino Acid
5-(galactosylhydroxy)-lysine,Amino Acid
cysteinylglycine disulfide*,Amino Acid
isoursodeoxycholate,Lipid
formiminoglutamate,Amino Acid
hydantoin-5-propionate,Amino Acid
sulfate*,Xenobiotics
4-hydroxy-2-oxoglutaric acid,Lipid
4-hydroxyglutamate,Amino Acid
S-methylcysteine,Amino Acid
argininate*,Amino Acid
2-oxoarginine*,Amino Acid
cis-4-decenoate (10:1n6)*,Lipid
1-lignoceroyl-GPC (24:0),Lipid
1-(1-enyl-palmitoyl)-GPC (P-16:0)*,Lipid
1-methyl-5-imidazoleacetate,Amino Acid
glycoursodeoxycholate,Lipid
S-methylcysteine sulfoxide,Amino Acid
eicosanedioate (C20-DC),Lipid
docosadioate (C22-DC),Lipid
16-hydroxypalmitate,Lipid
1-(1-enyl-palmitoyl)-GPE (P-16:0)*,Lipid
1-(1-enyl-stearoyl)-GPE (P-18:0)*,Lipid
linoleoylcarnitine (C18:2)*,Lipid
isoleucylglycine,Peptide
2-O-methylascorbic acid,Cofactors and Vitamins
beta-citrylglutamate,Amino Acid
trimethylamine N-oxide,Lipid
N6-methyllysine,Amino Acid
imidazole propionate,Amino Acid
N-palmitoylglycine,Lipid
mannonate*,Xenobiotics
lanthionine,Amino Acid
2-stearoyl-GPE (18:0)*,Lipid
(R)-3-hydroxybutyrylcarnitine,Lipid
N-acetylcarnosine,Amino Acid
margaroylcarnitine (C17)*,Lipid
glycohyocholate,Lipid
2-hydroxydecanoate,Lipid
4-methylcatechol sulfate,Xenobiotics
3-methyl catechol sulfate (1),Xenobiotics
guaiacol sulfate,Xenobiotics
2-aminooctanoate,Lipid
dimethyl sulfone,Xenobiotics
2-piperidinone,Xenobiotics
2-aminophenol sulfate,Xenobiotics
"sphingomyelin (d18:1/14:0, d16:1/16:0)*",Lipid
"sphingomyelin (d18:2/16:0, d18:1/16:1)*",Lipid
6-oxopiperidine-2-carboxylate,Amino Acid
N-delta-acetylornithine,Amino Acid
2-aminoheptanoate,Lipid
N-formylanthranilic acid,Amino Acid
methionine sulfone,Amino Acid
1-linolenoyl-GPC (18:3)*,Lipid
1-(1-enyl-oleoyl)-GPE (P-18:1)*,Lipid
fructosyllysine,Amino Acid
N-methylpipecolate,Xenobiotics
O-sulfo-tyrosine,Xenobiotics
ferulic acid 4-sulfate,Xenobiotics
N-acetyltaurine,Amino Acid
1-oleoyl-GPG (18:1)*,Lipid
1-palmitoyl-GPG (16:0)*,Lipid
9-hydroxystearate,Lipid
3-methylglutarylcarnitine (2),Amino Acid
"sphingomyelin (d18:2/14:0, d18:1/14:1)*",Lipid
"sphingomyelin (d18:1/24:1, d18:2/24:0)*",Lipid
octadecenedioylcarnitine (C18:1-DC)*,Lipid
octadecanedioylcarnitine (C18-DC)*,Lipid
myristoleoylcarnitine (C14:1)*,Lipid
4-hydroxychlorothalonil,Xenobiotics
tyramine O-sulfate,Amino Acid
3-hydroxypyridine sulfate,Xenobiotics
phenylacetylcarnitine,Peptide
arabonate/xylonate,Carbohydrate
methyl-4-hydroxybenzoate sulfate,Xenobiotics
1-dihomo-linolenylglycerol (20:3),Lipid
4-vinylguaiacol sulfate,Xenobiotics
vanillactate,Amino Acid
eugenol sulfate,Xenobiotics
p-cresol glucuronide*,Amino Acid
6-hydroxyindole sulfate,Xenobiotics
4-methoxyphenol sulfate,Amino Acid
"sphingomyelin (d18:1/20:0, d16:1/22:0)*",Lipid
"sphingomyelin (d18:1/20:1, d18:2/20:0)*",Lipid
"sphingomyelin (d18:1/20:2, d18:2/20:1, d16:1/22:2)*",Lipid
behenoyl sphingomyelin (d18:1/22:0)*,Lipid
"sphingomyelin (d18:1/22:1, d18:2/22:0, d16:1/24:1)*",Lipid
"sphingomyelin (d18:1/22:2, d18:2/22:1, d16:1/24:2)*",Lipid
lignoceroyl sphingomyelin (d18:1/24:0),Lipid
"sphingomyelin (d17:1/16:0, d18:1/15:0, d16:1/17:0)*",Lipid
dopamine 3-O-sulfate,Amino Acid
3-hydroxyhexanoate,Lipid
3beta-hydroxy-5-cholestenoate,Lipid
3-methoxycatechol sulfate (1),Xenobiotics
C-glycosyltryptophan,Amino Acid
arabitol/xylitol,Carbohydrate
N-acetylglucosamine/N-acetylgalactosamine,Carbohydrate
adipoylcarnitine (C6-DC),Lipid
nonanoylcarnitine (C9),Lipid
glycochenodeoxycholate 3-sulfate,Lipid
glycodeoxycholate 3-sulfate,Lipid
"1,2-dilinoleoyl-GPC (18:2/18:2)",Lipid
1-stearoyl-2-oleoyl-GPC (18:0/18:1),Lipid
1-palmitoyl-2-arachidonoyl-GPC (16:0/20:4n6),Lipid
1-palmitoyl-2-docosahexaenoyl-GPC (16:0/22:6),Lipid
1-stearoyl-2-docosahexaenoyl-GPC (18:0/22:6),Lipid
1-(1-enyl-stearoyl)-2-oleoyl-GPE (P-18:0/18:1),Lipid
"sphingomyelin (d18:1/17:0, d17:1/18:0, d19:1/16:0)",Lipid
1-palmitoyl-2-stearoyl-GPC (16:0/18:0),Lipid
2-hydroxybutyrate/2-hydroxyisobutyrate,Amino Acid
oleate/vaccenate (18:1),Lipid
1-palmitoleoylglycerol (16:1)*,Lipid
palmitoyl dihydrosphingomyelin (d18:0/16:0)*,Lipid
tricosanoyl sphingomyelin (d18:1/23:0)*,Lipid
"sphingomyelin (d18:2/23:0, d18:1/23:1, d17:1/24:1)*",Lipid
"sphingomyelin (d18:2/24:1, d18:1/24:2)*",Lipid
1-stearoyl-2-linoleoyl-GPE (18:0/18:2)*,Lipid
1-stearoyl-2-arachidonoyl-GPE (18:0/20:4),Lipid
1-stearoyl-2-linoleoyl-GPC (18:0/18:2)*,Lipid
1-palmitoyl-2-palmitoleoyl-GPC (16:0/16:1)*,Lipid
1-palmitoyl-2-arachidonoyl-GPE (16:0/20:4)*,Lipid
1-palmitoyl-2-docosahexaenoyl-GPE (16:0/22:6)*,Lipid
1-stearoyl-2-docosahexaenoyl-GPE (18:0/22:6)*,Lipid
1-palmitoyl-2-arachidonoyl-GPI (16:0/20:4)*,Lipid
1-stearoyl-2-linoleoyl-GPI (18:0/18:2),Lipid
gamma-tocopherol/beta-tocopherol,Cofactors and Vitamins
1-(1-enyl-stearoyl)-2-arachidonoyl-GPE (P-18:0/20:4)*,Lipid
1-(1-enyl-palmitoyl)-2-arachidonoyl-GPE (P-16:0/20:4)*,Lipid
1-(1-enyl-palmitoyl)-2-oleoyl-GPE (P-16:0/18:1)*,Lipid
1-(1-enyl-palmitoyl)-2-oleoyl-GPC (P-16:0/18:1)*,Lipid
1-(1-enyl-palmitoyl)-2-linoleoyl-GPC (P-16:0/18:2)*,Lipid
1-(1-enyl-palmitoyl)-2-arachidonoyl-GPC (P-16:0/20:4)*,Lipid
"sphingomyelin (d18:1/21:0, d17:1/22:0, d16:1/23:0)*",Lipid
behenoyl dihydrosphingomyelin (d18:0/22:0)*,Lipid
"sphingomyelin (d18:0/18:0, d19:0/17:0)*",Lipid
N-palmitoyl-sphinganine (d18:0/16:0),Lipid
lactosyl-N-palmitoyl-sphingosine (d18:1/16:0),Lipid
myristoyl dihydrosphingomyelin (d18:0/14:0)*,Lipid
1-palmitoyl-2-oleoyl-GPI (16:0/18:1)*,Lipid
1-(1-enyl-palmitoyl)-2-linoleoyl-GPE (P-16:0/18:2)*,Lipid
1-oleoyl-2-linoleoyl-GPE (18:1/18:2)*,Lipid
1-linoleoyl-GPA (18:2)*,Lipid
1-oleoyl-2-docosahexaenoyl-GPC (18:1/22:6)*,Lipid
1-linoleoyl-2-arachidonoyl-GPC (18:2/20:4n6)*,Lipid
1-myristoyl-2-arachidonoyl-GPC (14:0/20:4)*,Lipid
1-(1-enyl-palmitoyl)-2-palmitoleoyl-GPC (P-16:0/16:1)*,Lipid
1-(1-enyl-palmitoyl)-2-palmitoyl-GPC (P-16:0/16:0)*,Lipid
1-stearoyl-2-oleoyl-GPI (18:0/18:1)*,Lipid
1-(1-enyl-stearoyl)-2-linoleoyl-GPE (P-18:0/18:2)*,Lipid
1-linoleoyl-GPG (18:2)*,Lipid
thioproline,Xenobiotics
palmitoylcholine,Lipid
glycochenodeoxycholate glucuronide (1),Lipid
(S)-3-hydroxybutyrylcarnitine,Lipid
glycosyl-N-palmitoyl-sphingosine (d18:1/16:0),Lipid
ascorbic acid 2-sulfate,Cofactors and Vitamins
oleoylcholine,Lipid
arachidonoylcholine,Lipid
docosahexaenoylcholine,Lipid
dihomo-linolenoyl-choline,Lipid
caffeic acid sulfate,Xenobiotics
1-linoleoyl-2-linolenoyl-GPC (18:2/18:3)*,Lipid
1-palmitoleoyl-2-linolenoyl-GPC (16:1/18:3)*,Lipid
hexadecadienoate (16:2n6),Lipid
palmitoleoylcarnitine (C16:1)*,Lipid
2'-O-methylcytidine,Nucleotide
gamma-glutamyl-alpha-lysine,Peptide
"diacylglycerol (16:1/18:2 [2], 16:0/18:3 [1])*",Lipid
perfluorooctanesulfonate (PFOS),Xenobiotics
N-palmitoyl-sphingadienine (d18:2/16:0)*,Lipid
lactosyl-N-nervonoyl-sphingosine (d18:1/24:1)*,Lipid
lactosyl-N-behenoyl-sphingosine (d18:1/22:0)*,Lipid
N-behenoyl-sphingadienine (d18:2/22:0)*,Lipid
2-hydroxybehenate,Lipid
2-hydroxynervonate*,Lipid
N-palmitoylserine,Lipid
N-oleoylserine,Lipid
sphingadienine,Lipid
"ceramide (d16:1/24:1, d18:1/22:1)*",Lipid
"ceramide (d18:1/14:0, d16:1/16:0)*",Lipid
"ceramide (d18:2/24:1, d18:1/24:2)*",Lipid
"glycosyl ceramide (d18:2/24:1, d18:1/24:2)*",Lipid
glycosyl-N-(2-hydroxynervonoyl)-sphingosine (d18:1/24:1(2OH))*,Lipid
"ceramide (d18:1/20:0, d16:1/22:0, d20:1/18:0)*",Lipid
stearoylcholine*,Lipid
linoleoylcholine*,Lipid
nisinate (24:6n3),Lipid
"sphingomyelin (d18:0/20:0, d16:0/22:0)*",Lipid
"sphingomyelin (d18:1/19:0, d19:1/18:0)*",Lipid
sphingomyelin (d18:2/18:1)*,Lipid
sphingomyelin (d18:2/24:2)*,Lipid
"sphingomyelin (d18:2/21:0, d16:2/23:0)*",Lipid
sphingomyelin (d18:2/23:1)*,Lipid
"sphingomyelin (d18:1/25:0, d19:0/24:1, d20:1/23:0, d19:1/24:0)*",Lipid
"sphingomyelin (d17:2/16:0, d18:2/15:0)*",Lipid
linolenoylcarnitine (C18:3)*,Lipid
behenoylcarnitine (C22)*,Lipid
arachidoylcarnitine (C20)*,Lipid
lignoceroylcarnitine (C24)*,Lipid
cerotoylcarnitine (C26)*,Lipid
ximenoylcarnitine (C26:1)*,Lipid
arachidonoylcarnitine (C20:4),Lipid
eicosenoylcarnitine (C20:1)*,Lipid
dihomo-linoleoylcarnitine (C20:2)*,Lipid
dihomo-linolenoylcarnitine (C20:3n3 or 6)*,Lipid
docosahexaenoylcarnitine (C22:6)*,Lipid
nervonoylcarnitine (C24:1)*,Lipid
"N,N,N-trimethyl-5-aminovalerate",Amino Acid
carotene diol (1),Cofactors and Vitamins
carotene diol (2),Cofactors and Vitamins
carotene diol (3),Cofactors and Vitamins
cortolone glucuronide (1),Lipid
(N(1) + N(8))-acetylspermidine,Amino Acid
hydroxy-CMPF*,Lipid
2-hydroxyarachidate*,Lipid
lyxonate,Carbohydrate
hexadecenedioate (C16:1-DC)*,Lipid
octadecenedioate (C18:1-DC),Lipid
heptenedioate (C7:1-DC)*,Lipid
octadecadienedioate (C18:2-DC)*,Lipid
3-carboxy-4-methyl-5-pentyl-2-furanpropionate (3-CMPFP)**,Lipid
3-hydroxystachydrine*,Xenobiotics
N-acetyl-2-aminooctanoate*,Lipid
hydroxyasparagine**,Amino Acid
perfluorooctanoate (PFOA),Xenobiotics
glyco-beta-muricholate**,Lipid
"N,N,N-trimethyl-alanylproline betaine (TMAP)",Amino Acid
3-formylindole,Xenobiotics
gamma-glutamylcitrulline*,Peptide
glycine conjugate of C10H14O2 (1)*,PCM
glutamine conjugate of C7H12O2*,PCM
glutamine conjugate of C6H10O2 (1)*,PCM
glutamine conjugate of C6H10O2 (2)*,PCM
"sphingomyelin (d17:1/14:0, d16:1/15:0)*",Lipid
tetradecadienoate (14:2)*,Lipid
8-methoxykynurenate,Amino Acid
3-amino-2-piperidone,Amino Acid
"N,N-dimethylalanine",Amino Acid
3-indoleglyoxylic acid,Xenobiotics
ethyl beta-glucopyranoside,Xenobiotics
ascorbic acid 3-sulfate*,Cofactors and Vitamins
6-bromotryptophan,Amino Acid
"N6,N6-dimethyllysine",Amino Acid
dodecadienoate (12:2)*,Lipid
indoleacetoylcarnitine*,Amino Acid
N-acetyl-isoputreanine,Amino Acid
4-ethylcatechol sulfate,Xenobiotics
11beta-hydroxyandrosterone glucuronide,Lipid
"N2-acetyl,N6-methyllysine",Amino Acid
deoxycholic acid glucuronide,Lipid
4-allylcatechol sulfate,Xenobiotics
dihydrocaffeate sulfate (2),Xenobiotics
2-ketocaprylate,Amino Acid
"2,6-dihydroxybenzoic acid",Xenobiotics
"2,3-dihydroxy-5-methylthio-4-pentenoate (DMTPA)*",Amino Acid
hydroxypalmitoyl sphingomyelin (d18:1/16:0(OH))**,Lipid
taurochenodeoxycholic acid 3-sulfate,Lipid
pregnenetriol sulfate*,Lipid
pregnenetriol disulfate*,Lipid
eicosenedioate (C20:1-DC)*,Lipid
"hydroxy-N6,N6,N6-trimethyllysine*",Amino Acid
undecenoylcarnitine (C11:1),Lipid
3-hydroxydecanoylcarnitine,Lipid
palmitoyl-sphingosine-phosphoethanolamine (d18:1/16:0),Lipid
picolinoylglycine,Lipid
4-vinylcatechol sulfate,Xenobiotics
"3,5-dichloro-2,6-dihydroxybenzoic acid",Xenobiotics
metabolonic lactone sulfate,PCM
vanilloylglycine,Xenobiotics
2-hydroxy-4-(methylthio)butanoic acid,Amino Acid
branched chain 14:0 dicarboxylic acid**,Lipid
pentose acid*,PCM
1-methyl-5-imidazolelactate,Amino Acid
(2 or 3)-decenoate (10:1n7 or n8),Lipid
"branched-chain, straight-chain, or cyclopropyl 10:1 fatty acid (1)*",PCM
"branched-chain, straight-chain, or cyclopropyl 10:1 fatty acid (2)*",PCM
"3-bromo-5-chloro-2,6-dihydroxybenzoic acid*",Xenobiotics
"branched-chain, straight-chain, or cyclopropyl 12:1 fatty acid*",PCM
decadienedioic acid (C10:2-DC)**,Lipid
"cis-3,4-methyleneheptanoate",Lipid
"cis-3,4-methyleneheptanoylcarnitine",Lipid
4-chlorobenzoic acid,Xenobiotics
2-methoxyhydroquinone sulfate (1),Xenobiotics
3-hydroxyoctanoylcarnitine (1),Lipid
"bilirubin degradation product, C16H18N2O5 (1)**",PCM
"bilirubin degradation product, C16H18N2O5 (2)**",PCM
"bilirubin degradation product, C17H18N2O4 (1)**",PCM
"bilirubin degradation product, C17H18N2O4 (2)**",PCM
"bilirubin degradation product, C17H18N2O4 (3)**",PCM
"bilirubin degradation product, C17H20N2O5 (1)**",PCM
"bilirubin degradation product, C17H20N2O5 (2)**",PCM
"bilirubin degradation product, C16H18N2O5 (3)**",PCM
"bilirubin degradation product, C16H18N2O5 (4)**",PCM
"N,N-dimethyl-pro-pro",Peptide
perfluorohexanesulfonate (PFHxS),Xenobiotics
N-lactoyl isoleucine,Amino Acid
N-lactoyl leucine,Amino Acid
N-lactoyl phenylalanine,Amino Acid
N-lactoyl valine,Amino Acid
1-oleyl-GPC (O-18:1)*,Lipid